,ps,note_start,note_end,velocity
0,57,225.405405405405,225.608108108108,61
1,67,225.405405405405,225.608108108108,61
2,62,225.405405405405,225.608108108108,61
7,84,225.405405405405,225.810810810811,58
3,81,225.810810810811,226.216216216216,58
4,79,226.216216216216,226.621621621622,56
8,77,226.621621621622,227.027027027027,63
5,41,226.621621621622,226.824324324324,66
6,48,226.621621621622,226.824324324324,66
9,79,227.229729729730,227.635135135135,62
20,81,227.567567567568,227.837837837838,57
21,82,228.040540540541,228.445945945946,62
10,58,228.040540540541,228.243243243243,58
11,63,228.040540540541,228.243243243243,58
12,67,228.040540540541,228.243243243243,58
13,79,228.445945945946,228.851351351351,60
14,77,228.851351351351,229.054054054054,75
17,41,229.256756756757,229.459459459459,64
16,48,229.256756756757,229.459459459459,64
15,75,229.256756756757,229.459459459459,64
18,74,229.729729729730,230.000000000000,68
19,75,230.000000000000,230.202702702703,67
22,74,230.067567567568,230.270270270270,67
23,75,230.472972972973,230.675675675676,66
35,61,230.675675675676,230.878378378378,58
36,60,230.675675675676,230.878378378378,58
34,65,230.675675675676,230.878378378378,58
24,80,230.675675675676,231.081081081081,68
33,56,230.675675675676,230.878378378378,58
25,77,231.081081081081,231.486486486486,71
26,75,231.486486486486,231.891891891892,75
27,73,231.891891891892,232.432432432432,72
28,48,231.891891891892,232.432432432432,72
29,41,231.891891891892,232.432432432432,72
30,72,232.432432432432,232.837837837838,70
37,70,232.702702702703,232.905405405405,71
31,58,233.243243243243,235.270270270270,72
32,48,233.243243243243,235.270270270270,72
38,61,233.243243243243,235.472972972973,70
39,64,233.243243243243,235.472972972973,70
40,68,233.243243243243,235.472972972973,70
41,48,233.513513513514,235.472972972973,70
42,67,234.729729729730,235.540540540541,51
51,84,236.756756756757,236.959459459459,64
52,48,236.756756756757,236.959459459459,64
43,41,236.756756756757,236.959459459459,65
53,57,237.162162162162,237.364864864865,62
44,81,237.162162162162,237.567567567568,65
45,79,237.567567567568,237.972972972973,61
46,77,237.972972972973,238.378378378378,63
47,79,238.378378378378,238.918918918919,57
48,81,238.918918918919,239.189189189189,72
54,84,239.391891891892,239.594594594595,64
55,45,239.391891891892,239.594594594595,64
49,38,239.391891891892,239.594594594595,68
56,81,239.797297297297,240.337837837838,66
50,53,239.797297297297,240.000000000000,60
57,79,240.270270270270,240.675675675676,67
67,77,240.608108108108,240.878378378378,67
58,79,241.081081081081,241.351351351351,63
59,81,241.351351351351,241.554054054054,68
60,79,241.621621621622,241.824324324324,62
61,81,241.621621621622,241.824324324324,62
62,84,242.027027027027,242.432432432432,66
63,46,242.027027027027,242.432432432432,66
64,81,242.432432432432,242.837837837838,68
65,53,242.432432432432,242.837837837838,68
66,60,242.837837837838,243.040540540541,64
68,84,242.837837837838,243.378378378378,75
69,86,243.243243243243,243.783783783784,67
70,65,243.243243243243,243.783783783784,67
71,69,243.243243243243,243.783783783784,67
72,62,243.243243243243,243.783783783784,67
73,81,243.783783783784,244.189189189189,61
74,86,244.256756756757,244.662162162162,58
76,84,244.662162162162,245.202702702703,68
75,48,244.662162162162,245.202702702703,68
81,57,245.135135135135,245.675675675676,64
82,81,245.135135135135,245.675675675676,64
77,64,245.675675675676,245.878378378378,64
78,79,245.675675675676,245.878378378378,64
79,69,246.081081081081,246.621621621622,60
80,62,246.081081081081,246.621621621622,60
83,77,246.216216216216,246.824324324324,68
84,50,247.837837837838,248.040540540541,71
88,72,247.837837837838,248.243243243243,67
85,57,248.108108108108,248.378378378378,60
89,64,248.310810810811,248.513513513514,67
91,69,248.310810810811,248.716216216216,65
86,67,248.716216216216,249.256756756757,61
90,65,249.189189189189,249.594594594595,67
87,67,249.527027027027,249.932432432432,66
92,69,250.135135135135,250.540540540541,67
93,48,250.540540540541,250.743243243243,74
101,72,250.540540540541,250.945945945946,68
94,57,250.743243243243,250.945945945946,52
102,69,250.945945945946,251.351351351351,68
95,62,250.945945945946,251.148648648649,55
96,67,251.351351351351,251.621621621622,67
97,65,251.891891891892,252.162162162162,70
98,67,252.364864864865,252.567567567568,68
99,69,252.567567567568,252.770270270270,68
100,67,252.770270270270,252.972972972973,68
103,69,252.972972972973,253.175675675676,66
104,72,253.175675675676,253.581081081081,68
105,46,253.175675675676,253.581081081081,68
107,53,253.581081081081,254.121621621622,66
106,69,253.581081081081,254.121621621622,66
117,72,254.054054054054,254.459459459459,68
115,57,254.054054054054,254.256756756757,64
110,60,254.594594594595,255.000000000000,62
108,74,254.594594594595,255.000000000000,62
109,62,254.594594594595,255.000000000000,62
111,65,254.594594594595,255.000000000000,62
112,69,255.000000000000,255.540540540541,73
116,74,255.405405405405,255.810810810811,73
114,45,255.810810810811,256.216216216216,75
113,76,255.810810810811,256.216216216216,75
118,52,256.216216216216,256.756756756757,73
119,73,256.216216216216,256.756756756757,73
120,59,256.756756756757,256.959459459459,77
128,71,256.756756756757,257.027027027027,78
121,64,257.229729729730,257.432432432432,78
122,61,257.229729729730,257.432432432432,78
129,69,257.229729729730,258.040540540541,81
123,57,257.635135135135,258.175675675676,78
130,56,258.108108108108,258.513513513513,66
131,54,258.648648648649,258.851351351351,60
124,88,258.648648648649,259.189189189189,58
132,85,259.256756756757,259.797297297297,62
126,61,259.256756756757,260.675675675676,54
125,69,259.256756756757,260.675675675676,54
127,68,259.256756756757,260.675675675676,54
133,83,259.729729729730,260.135135135135,57
134,81,260.270270270270,260.675675675676,52
135,83,260.675675675676,261.081081081081,51
136,85,261.081081081081,261.351351351351,58
137,88,261.621621621622,262.162162162162,70
139,54,261.621621621622,261.824324324324,64
140,85,262.094594594595,262.500000000000,64
141,62,262.094594594595,263.716216216216,57
142,61,262.094594594595,263.716216216216,57
143,69,262.094594594595,263.716216216216,57
138,83,262.500000000000,263.040540540541,52
144,81,262.972972972973,263.175675675676,52
145,71,263.513513513514,263.783783783784,63
150,73,263.716216216216,263.918918918919,68
146,71,263.918918918919,264.189189189189,61
151,73,264.121621621622,264.324324324324,68
147,40,264.324324324324,264.527027027027,73
148,76,264.527027027027,265.067567567568,62
155,57,264.932432432432,265.472972972973,70
154,64,264.932432432432,265.472972972973,70
153,56,264.932432432432,265.472972972973,70
152,73,264.932432432432,265.472972972973,70
149,76,265.405405405405,265.810810810811,76
156,38,265.945945945946,266.148648648649,81
170,78,265.945945945946,266.486486486487,74
157,66,266.486486486487,266.756756756757,74
158,57,266.486486486487,266.756756756757,74
159,73,266.486486486487,266.756756756757,74
160,61,266.486486486487,266.756756756757,74
161,78,266.959459459459,267.364864864865,80
162,36,267.364864864865,267.905405405405,79
163,74,267.364864864865,267.905405405405,79
164,79,267.364864864865,267.905405405405,79
174,72,267.837837837838,268.040540540541,78
173,76,267.837837837838,268.040540540541,78
171,43,267.837837837838,268.378378378378,67
167,52,268.378378378378,268.783783783784,71
166,67,268.378378378378,268.783783783784,71
165,74,268.378378378378,268.783783783784,71
169,64,268.783783783784,269.797297297297,65
168,72,268.783783783784,269.797297297297,65
172,55,268.783783783784,269.189189189189,58
175,62,269.391891891892,269.797297297297,66
176,60,269.797297297297,270.000000000000,65
178,86,270.405405405405,270.810810810811,54
179,91,270.405405405405,270.810810810811,54
177,67,270.405405405405,273.243243243243,63
180,88,270.810810810811,271.013513513514,55
181,84,270.810810810811,271.013513513514,55
182,86,271.418918918919,271.959459459459,59
183,79,271.418918918919,271.959459459459,59
184,84,271.891891891892,273.108108108108,48
185,76,271.891891891892,273.108108108108,48
186,74,272.432432432432,273.040540540541,48
187,72,273.040540540541,273.243243243243,38
188,91,273.783783783784,274.594594594595,57
191,70,273.851351351351,274.054054054054,56
192,74,274.054054054054,274.256756756757,52
193,76,274.256756756757,274.459459459459,51
194,79,274.256756756757,274.459459459459,51
195,88,274.459459459459,275.067567567568,53
189,86,275.067567567568,275.472972972973,48
190,84,275.472972972973,276.081081081081,60
196,70,275.472972972973,275.675675675676,54
197,73,275.675675675676,275.945945945946,54
198,76,275.945945945946,276.216216216216,54
199,81,276.216216216216,276.418918918919,65
207,86,276.216216216216,276.824324324324,63
200,82,276.891891891892,277.094594594595,59
203,76,277.500000000000,278.040540540541,56
202,81,277.500000000000,278.040540540541,56
201,38,277.500000000000,278.040540540541,56
208,78,277.905405405405,278.310810810811,62
209,45,277.905405405405,278.310810810811,62
210,74,277.905405405405,278.310810810811,62
204,54,278.513513513514,278.716216216216,66
205,71,278.513513513514,278.716216216216,66
206,76,278.513513513514,278.716216216216,66
219,74,279.121621621622,279.729729729730,68
218,64,279.121621621622,279.729729729730,68
217,59,279.121621621622,279.729729729730,68
211,69,279.121621621622,279.391891891892,67
212,76,279.527027027027,279.932432432432,70
213,78,280.135135135135,280.540540540541,66
215,81,280.540540540541,281.081081081081,58
220,35,280.540540540541,280.743243243243,73
214,76,280.540540540541,281.081081081081,58
216,54,281.148648648649,281.689189189189,75
221,74,281.148648648649,281.351351351351,72
222,78,281.148648648649,281.351351351351,72
225,61,281.621621621622,282.162162162162,64
223,71,281.621621621622,281.824324324324,70
224,76,281.621621621622,281.824324324324,70
226,62,282.162162162162,282.702702702703,70
227,74,282.162162162162,282.702702702703,70
238,69,282.162162162162,282.364864864865,72
228,76,282.702702702703,282.905405405405,68
229,78,282.972972972973,283.243243243243,64
239,76,283.175675675676,283.445945945946,76
230,78,283.378378378378,283.581081081081,72
233,81,283.581081081081,284.121621621622,69
232,76,283.581081081081,284.121621621622,69
231,38,283.581081081081,284.121621621622,69
241,78,284.054054054054,284.594594594595,66
240,45,284.054054054054,284.594594594595,66
242,74,284.054054054054,284.594594594595,66
236,81,284.594594594595,284.797297297297,69
235,54,284.594594594595,284.797297297297,69
234,76,284.594594594595,284.797297297297,69
243,50,285.000000000000,285.608108108108,68
244,83,285.000000000000,285.608108108108,68
237,78,285.000000000000,285.202702702703,82
245,78,285.608108108108,286.013513513514,73
246,59,285.608108108108,286.013513513514,73
257,73,285.608108108108,285.810810810811,67
247,66,286.013513513514,286.216216216216,77
248,83,286.013513513514,286.216216216216,77
249,74,286.013513513514,286.216216216216,77
258,79,286.486486486487,286.756756756757,73
251,83,286.486486486487,286.891891891892,76
250,40,286.486486486487,286.891891891892,76
252,47,287.027027027027,287.432432432432,76
260,71,287.027027027027,287.229729729730,76
259,79,287.027027027027,287.229729729730,76
253,57,287.432432432432,287.837837837838,78
262,78,287.432432432432,287.635135135135,78
261,69,287.432432432432,287.635135135135,78
255,76,288.040540540541,288.243243243243,78
254,67,288.040540540541,288.243243243243,78
263,62,288.040540540541,288.648648648649,73
256,79,288.445945945946,288.716216216216,79
264,81,288.648648648649,288.918918918919,75
265,83,288.918918918919,289.121621621622,81
266,85,289.189189189189,289.391891891892,74
267,86,289.459459459459,289.662162162162,74
268,78,289.459459459459,289.662162162162,74
269,43,289.459459459459,289.662162162162,74
270,50,289.662162162162,289.932432432432,71
279,74,289.864864864865,290.067567567568,77
280,83,289.864864864865,290.067567567568,77
278,57,289.864864864865,290.067567567568,77
271,59,290.270270270270,290.540540540541,64
281,81,290.472972972973,290.743243243243,69
282,61,290.472972972973,290.743243243243,69
283,73,290.472972972973,290.743243243243,69
272,62,290.810810810811,291.013513513513,73
273,48,291.081081081081,291.283783783784,76
284,79,291.081081081081,291.351351351351,72
285,71,291.081081081081,291.351351351351,72
274,55,291.081081081081,291.283783783784,76
275,64,291.351351351351,291.554054054054,64
276,69,291.689189189189,291.891891891892,66
277,78,291.689189189189,291.891891891892,66
287,67,292.162162162162,292.364864864865,70
286,76,292.162162162162,292.364864864865,70
290,69,292.702702702703,292.905405405405,75
289,78,292.702702702703,292.905405405405,75
288,50,292.702702702703,292.905405405405,75
291,57,292.905405405405,293.175675675676,62
303,66,293.108108108108,293.310810810811,72
302,62,293.108108108108,293.310810810811,72
301,74,293.108108108108,293.310810810811,72
292,61,293.716216216216,293.986486486487,71
293,54,293.716216216216,293.986486486487,71
294,46,293.716216216216,293.986486486487,71
295,68,293.716216216216,293.986486486487,71
296,66,293.716216216216,293.986486486487,71
297,73,293.716216216216,293.986486486487,71
298,47,294.324324324324,294.527027027027,70
299,54,294.729729729730,294.932432432432,61
300,62,294.932432432432,295.945945945946,62
304,64,295.135135135135,295.337837837838,68
305,66,295.135135135135,295.337837837838,68
306,69,295.540540540541,296.351351351351,68
307,74,295.743243243243,296.283783783784,68
